[
{
    "model": "auth.permission",
    "pk": 1,
    "fields": {
        "name": "Can add log entry",
        "content_type": 1,
        "codename": "add_logentry"
    }
},
{
    "model": "auth.permission",
    "pk": 2,
    "fields": {
        "name": "Can change log entry",
        "content_type": 1,
        "codename": "change_logentry"
    }
},
{
    "model": "auth.permission",
    "pk": 3,
    "fields": {
        "name": "Can delete log entry",
        "content_type": 1,
        "codename": "delete_logentry"
    }
},
{
    "model": "auth.permission",
    "pk": 4,
    "fields": {
        "name": "Can view log entry",
        "content_type": 1,
        "codename": "view_logentry"
    }
},
{
    "model": "auth.permission",
    "pk": 5,
    "fields": {
        "name": "Can add permission",
        "content_type": 2,
        "codename": "add_permission"
    }
},
{
    "model": "auth.permission",
    "pk": 6,
    "fields": {
        "name": "Can change permission",
        "content_type": 2,
        "codename": "change_permission"
    }
},
{
    "model": "auth.permission",
    "pk": 7,
    "fields": {
        "name": "Can delete permission",
        "content_type": 2,
        "codename": "delete_permission"
    }
},
{
    "model": "auth.permission",
    "pk": 8,
    "fields": {
        "name": "Can view permission",
        "content_type": 2,
        "codename": "view_permission"
    }
},
{
    "model": "auth.permission",
    "pk": 9,
    "fields": {
        "name": "Can add group",
        "content_type": 3,
        "codename": "add_group"
    }
},
{
    "model": "auth.permission",
    "pk": 10,
    "fields": {
        "name": "Can change group",
        "content_type": 3,
        "codename": "change_group"
    }
},
{
    "model": "auth.permission",
    "pk": 11,
    "fields": {
        "name": "Can delete group",
        "content_type": 3,
        "codename": "delete_group"
    }
},
{
    "model": "auth.permission",
    "pk": 12,
    "fields": {
        "name": "Can view group",
        "content_type": 3,
        "codename": "view_group"
    }
},
{
    "model": "auth.permission",
    "pk": 13,
    "fields": {
        "name": "Can add user",
        "content_type": 4,
        "codename": "add_user"
    }
},
{
    "model": "auth.permission",
    "pk": 14,
    "fields": {
        "name": "Can change user",
        "content_type": 4,
        "codename": "change_user"
    }
},
{
    "model": "auth.permission",
    "pk": 15,
    "fields": {
        "name": "Can delete user",
        "content_type": 4,
        "codename": "delete_user"
    }
},
{
    "model": "auth.permission",
    "pk": 16,
    "fields": {
        "name": "Can view user",
        "content_type": 4,
        "codename": "view_user"
    }
},
{
    "model": "auth.permission",
    "pk": 17,
    "fields": {
        "name": "Can add content type",
        "content_type": 5,
        "codename": "add_contenttype"
    }
},
{
    "model": "auth.permission",
    "pk": 18,
    "fields": {
        "name": "Can change content type",
        "content_type": 5,
        "codename": "change_contenttype"
    }
},
{
    "model": "auth.permission",
    "pk": 19,
    "fields": {
        "name": "Can delete content type",
        "content_type": 5,
        "codename": "delete_contenttype"
    }
},
{
    "model": "auth.permission",
    "pk": 20,
    "fields": {
        "name": "Can view content type",
        "content_type": 5,
        "codename": "view_contenttype"
    }
},
{
    "model": "auth.permission",
    "pk": 21,
    "fields": {
        "name": "Can add session",
        "content_type": 6,
        "codename": "add_session"
    }
},
{
    "model": "auth.permission",
    "pk": 22,
    "fields": {
        "name": "Can change session",
        "content_type": 6,
        "codename": "change_session"
    }
},
{
    "model": "auth.permission",
    "pk": 23,
    "fields": {
        "name": "Can delete session",
        "content_type": 6,
        "codename": "delete_session"
    }
},
{
    "model": "auth.permission",
    "pk": 24,
    "fields": {
        "name": "Can view session",
        "content_type": 6,
        "codename": "view_session"
    }
},
{
    "model": "auth.permission",
    "pk": 25,
    "fields": {
        "name": "Can add autor",
        "content_type": 7,
        "codename": "add_autor"
    }
},
{
    "model": "auth.permission",
    "pk": 26,
    "fields": {
        "name": "Can change autor",
        "content_type": 7,
        "codename": "change_autor"
    }
},
{
    "model": "auth.permission",
    "pk": 27,
    "fields": {
        "name": "Can delete autor",
        "content_type": 7,
        "codename": "delete_autor"
    }
},
{
    "model": "auth.permission",
    "pk": 28,
    "fields": {
        "name": "Can view autor",
        "content_type": 7,
        "codename": "view_autor"
    }
},
{
    "model": "auth.permission",
    "pk": 29,
    "fields": {
        "name": "Can add biblioteca",
        "content_type": 8,
        "codename": "add_biblioteca"
    }
},
{
    "model": "auth.permission",
    "pk": 30,
    "fields": {
        "name": "Can change biblioteca",
        "content_type": 8,
        "codename": "change_biblioteca"
    }
},
{
    "model": "auth.permission",
    "pk": 31,
    "fields": {
        "name": "Can delete biblioteca",
        "content_type": 8,
        "codename": "delete_biblioteca"
    }
},
{
    "model": "auth.permission",
    "pk": 32,
    "fields": {
        "name": "Can view biblioteca",
        "content_type": 8,
        "codename": "view_biblioteca"
    }
},
{
    "model": "auth.permission",
    "pk": 33,
    "fields": {
        "name": "Can add cliente",
        "content_type": 9,
        "codename": "add_cliente"
    }
},
{
    "model": "auth.permission",
    "pk": 34,
    "fields": {
        "name": "Can change cliente",
        "content_type": 9,
        "codename": "change_cliente"
    }
},
{
    "model": "auth.permission",
    "pk": 35,
    "fields": {
        "name": "Can delete cliente",
        "content_type": 9,
        "codename": "delete_cliente"
    }
},
{
    "model": "auth.permission",
    "pk": 36,
    "fields": {
        "name": "Can view cliente",
        "content_type": 9,
        "codename": "view_cliente"
    }
},
{
    "model": "auth.permission",
    "pk": 37,
    "fields": {
        "name": "Can add datos cliente",
        "content_type": 10,
        "codename": "add_datoscliente"
    }
},
{
    "model": "auth.permission",
    "pk": 38,
    "fields": {
        "name": "Can change datos cliente",
        "content_type": 10,
        "codename": "change_datoscliente"
    }
},
{
    "model": "auth.permission",
    "pk": 39,
    "fields": {
        "name": "Can delete datos cliente",
        "content_type": 10,
        "codename": "delete_datoscliente"
    }
},
{
    "model": "auth.permission",
    "pk": 40,
    "fields": {
        "name": "Can view datos cliente",
        "content_type": 10,
        "codename": "view_datoscliente"
    }
},
{
    "model": "auth.permission",
    "pk": 41,
    "fields": {
        "name": "Can add libro",
        "content_type": 11,
        "codename": "add_libro"
    }
},
{
    "model": "auth.permission",
    "pk": 42,
    "fields": {
        "name": "Can change libro",
        "content_type": 11,
        "codename": "change_libro"
    }
},
{
    "model": "auth.permission",
    "pk": 43,
    "fields": {
        "name": "Can delete libro",
        "content_type": 11,
        "codename": "delete_libro"
    }
},
{
    "model": "auth.permission",
    "pk": 44,
    "fields": {
        "name": "Can view libro",
        "content_type": 11,
        "codename": "view_libro"
    }
},
{
    "model": "auth.permission",
    "pk": 45,
    "fields": {
        "name": "Can add prestamos",
        "content_type": 12,
        "codename": "add_prestamos"
    }
},
{
    "model": "auth.permission",
    "pk": 46,
    "fields": {
        "name": "Can change prestamos",
        "content_type": 12,
        "codename": "change_prestamos"
    }
},
{
    "model": "auth.permission",
    "pk": 47,
    "fields": {
        "name": "Can delete prestamos",
        "content_type": 12,
        "codename": "delete_prestamos"
    }
},
{
    "model": "auth.permission",
    "pk": 48,
    "fields": {
        "name": "Can view prestamos",
        "content_type": 12,
        "codename": "view_prestamos"
    }
},
{
    "model": "contenttypes.contenttype",
    "pk": 1,
    "fields": {
        "app_label": "admin",
        "model": "logentry"
    }
},
{
    "model": "contenttypes.contenttype",
    "pk": 2,
    "fields": {
        "app_label": "auth",
        "model": "permission"
    }
},
{
    "model": "contenttypes.contenttype",
    "pk": 3,
    "fields": {
        "app_label": "auth",
        "model": "group"
    }
},
{
    "model": "contenttypes.contenttype",
    "pk": 4,
    "fields": {
        "app_label": "auth",
        "model": "user"
    }
},
{
    "model": "contenttypes.contenttype",
    "pk": 5,
    "fields": {
        "app_label": "contenttypes",
        "model": "contenttype"
    }
},
{
    "model": "contenttypes.contenttype",
    "pk": 6,
    "fields": {
        "app_label": "sessions",
        "model": "session"
    }
},
{
    "model": "contenttypes.contenttype",
    "pk": 7,
    "fields": {
        "app_label": "Personas",
        "model": "autor"
    }
},
{
    "model": "contenttypes.contenttype",
    "pk": 8,
    "fields": {
        "app_label": "Personas",
        "model": "biblioteca"
    }
},
{
    "model": "contenttypes.contenttype",
    "pk": 9,
    "fields": {
        "app_label": "Personas",
        "model": "cliente"
    }
},
{
    "model": "contenttypes.contenttype",
    "pk": 10,
    "fields": {
        "app_label": "Personas",
        "model": "datoscliente"
    }
},
{
    "model": "contenttypes.contenttype",
    "pk": 11,
    "fields": {
        "app_label": "Personas",
        "model": "libro"
    }
},
{
    "model": "contenttypes.contenttype",
    "pk": 12,
    "fields": {
        "app_label": "Personas",
        "model": "prestamos"
    }
},
{
    "model": "Personas.biblioteca",
    "pk": 1,
    "fields": {
        "nombre": "Bit trip know rise. Risk message page attorney already firm house region.",
        "direccion": "Form type stuff traditional. Author past character enter ten growth. Since poor behavior data character none idea probably."
    }
},
{
    "model": "Personas.biblioteca",
    "pk": 2,
    "fields": {
        "nombre": "Deep five agency country detail can. Relationship case risk author reach trip.",
        "direccion": "See clear build. Win section against my time leg serious.\nRecord including just. Idea spring time health. Mission question summer art sort increase lay."
    }
},
{
    "model": "Personas.biblioteca",
    "pk": 3,
    "fields": {
        "nombre": "Step then into good exactly court finish. Include behavior letter measure early stand machine me.",
        "direccion": "Lay activity Republican. Actually want seem order write dog street. Baby fly school game.\nKind both third girl fill hair kitchen."
    }
},
{
    "model": "Personas.biblioteca",
    "pk": 4,
    "fields": {
        "nombre": "Morning white guy.\nFace receive owner some. Help one tend wear great. Other develop where still.",
        "direccion": "Lot want economic next nation finally. Assume agent I former. Local structure recently television system share traditional.\nMillion them usually oil money. Option cup decade ball agent fast."
    }
},
{
    "model": "Personas.biblioteca",
    "pk": 5,
    "fields": {
        "nombre": "Note throughout usually why history return. Involve pick think material education example science.",
        "direccion": "Go area between line serious letter. Role huge foreign customer. Identify a reduce door listen pick beautiful.\nCivil again direction also. Follow down approach city chair. Apply pick exactly fast."
    }
},
{
    "model": "Personas.biblioteca",
    "pk": 6,
    "fields": {
        "nombre": "Born claim today join office finish eye. Human despite detail I build.",
        "direccion": "Coach long student century. System partner task level fine standard.\nRaise military finish. Wrong economy seat."
    }
},
{
    "model": "Personas.biblioteca",
    "pk": 7,
    "fields": {
        "nombre": "Floor culture page treatment. Nor forget professor dark woman.",
        "direccion": "Senior environment condition economy somebody sense. Particularly spring so society vote.\nStrategy paper outside. Clear next from that usually. Technology size his eat our."
    }
},
{
    "model": "Personas.biblioteca",
    "pk": 8,
    "fields": {
        "nombre": "Four outside church and ground near. Shake yeah exist meet east act.",
        "direccion": "Audience manager future heavy teach think. See oil enjoy smile not need. Line experience pretty thus anything Congress degree.\nMany experience whatever. Weight far few individual its."
    }
},
{
    "model": "Personas.biblioteca",
    "pk": 9,
    "fields": {
        "nombre": "Their prepare eight notice. Growth themselves firm forget tax three.",
        "direccion": "Make including up laugh table current skill. Man view score interesting each above. Sometimes fly century forward institution prove alone."
    }
},
{
    "model": "Personas.biblioteca",
    "pk": 10,
    "fields": {
        "nombre": "Environment notice strategy street use another. Film out allow write. Financial high two cut.",
        "direccion": "Should wear writer collection important adult. Talk among attorney remember near cold site. Left design itself mean animal product score.\nMeeting have huge blood exist. Spring send woman tax time."
    }
},
{
    "model": "Personas.biblioteca",
    "pk": 11,
    "fields": {
        "nombre": "Stop report generation this law bar capital total. Skin describe these.",
        "direccion": "Family fund past there. Hot last some ball loss. Thought argue although billion against city."
    }
},
{
    "model": "Personas.biblioteca",
    "pk": 12,
    "fields": {
        "nombre": "Whatever already foreign. Such your them where.",
        "direccion": "Business management charge even. Story peace move question trade break respond. Story hold result respond person left reality.\nSimilar behavior especially important. Score threat range be feel break."
    }
},
{
    "model": "Personas.biblioteca",
    "pk": 13,
    "fields": {
        "nombre": "Much last brother seven realize style suffer possible. Heart effect but say staff with about whose.",
        "direccion": "Race especially box just where major listen song. Resource positive challenge. Knowledge experience put song improve southern lay argue."
    }
},
{
    "model": "Personas.biblioteca",
    "pk": 14,
    "fields": {
        "nombre": "Know prepare add perform on who commercial. Offer sing young view.",
        "direccion": "Staff rise value training fear require.\nBecome radio enjoy customer provide. Feel magazine during peace order child allow. Win everyone least process fear director game."
    }
},
{
    "model": "Personas.biblioteca",
    "pk": 15,
    "fields": {
        "nombre": "Nor order even bag stop. Miss my foreign how change sure. The event person number.",
        "direccion": "Red cause west drug. Stuff fast clear career simple subject job.\nStation image stop effort production give. Recently bill once month himself Republican real. Report same protect lay future."
    }
},
{
    "model": "Personas.biblioteca",
    "pk": 16,
    "fields": {
        "nombre": "Room century audience garden role large performance likely. Capital whom receive quite.",
        "direccion": "Campaign since leave poor fall per. Late authority three audience under stock. Few long food while lose environment cup anyone."
    }
},
{
    "model": "Personas.biblioteca",
    "pk": 17,
    "fields": {
        "nombre": "Get one between ready. Practice family network blood.",
        "direccion": "Tax whatever ever. Situation low board turn should view.\nForward threat lead fish bag. Money including cell."
    }
},
{
    "model": "Personas.biblioteca",
    "pk": 18,
    "fields": {
        "nombre": "Service middle direction save. Serve career lose finally trial lead.",
        "direccion": "Hour we population safe administration. Source increase fly condition threat.\nOften where question before never modern. Professional collection fight news. View foot popular."
    }
},
{
    "model": "Personas.biblioteca",
    "pk": 19,
    "fields": {
        "nombre": "Sound light property more. Success that four theory.",
        "direccion": "North door require husband head wear evening. Civil get hard work few plant. Despite detail company activity involve whatever perform."
    }
},
{
    "model": "Personas.biblioteca",
    "pk": 20,
    "fields": {
        "nombre": "Compare science worry discover tough. Church each wrong ago behind idea.",
        "direccion": "Drug until may hair girl thus personal stage. Least great decade bill. Article room camera hit probably.\nDebate do across simply hair. Modern represent anything chair."
    }
},
{
    "model": "Personas.biblioteca",
    "pk": 21,
    "fields": {
        "nombre": "By set about whom drug race foreign him.",
        "direccion": "Central candidate clear natural. Surface get by light myself also. Available rock similar economy. She fact concern face a will.\nCity spend blue tell question chair build make."
    }
},
{
    "model": "Personas.biblioteca",
    "pk": 22,
    "fields": {
        "nombre": "Despite seat stage factor. Remain suggest a far star recognize industry.",
        "direccion": "Yourself major wear why pretty social. Source scene five need whether appear window. Term book maintain.\nSince community community alone rate medical claim."
    }
},
{
    "model": "Personas.biblioteca",
    "pk": 23,
    "fields": {
        "nombre": "Reality tax development economic. Rock cell bank tonight born expert book everyone.",
        "direccion": "Mouth own poor upon with seven. Public president no now. Old low drug such."
    }
},
{
    "model": "Personas.biblioteca",
    "pk": 24,
    "fields": {
        "nombre": "Name last quite idea way drug.",
        "direccion": "Raise natural investment much suffer. None military result avoid cost their address."
    }
},
{
    "model": "Personas.biblioteca",
    "pk": 25,
    "fields": {
        "nombre": "Address good open between. Ok behavior together hear. Rich that board.",
        "direccion": "Begin support compare accept according also talk political.\nWhich current leader tend store cover but. Himself thought put Mr ground world others. Probably true still might attack."
    }
},
{
    "model": "Personas.biblioteca",
    "pk": 26,
    "fields": {
        "nombre": "Thought decide friend government. Boy write but here news the.",
        "direccion": "Bar someone appear simply good rule purpose eat. Night individual easy.\nVoice sure media run deal star nice. By such teach manage seek."
    }
},
{
    "model": "Personas.biblioteca",
    "pk": 27,
    "fields": {
        "nombre": "Environmental result little event quite let. Community company those store establish another level.",
        "direccion": "Better senior cell early so.\nPick court true life new. Trip structure because mention nearly measure model. Fire specific structure forget easy especially."
    }
},
{
    "model": "Personas.biblioteca",
    "pk": 28,
    "fields": {
        "nombre": "Chance kid instead person seven. Serve fine at just store cold early keep.",
        "direccion": "Deep focus mind you product look. Community management wrong marriage relate perform hotel morning."
    }
},
{
    "model": "Personas.biblioteca",
    "pk": 29,
    "fields": {
        "nombre": "Black leg treatment computer. Live start space hotel find recently.",
        "direccion": "Partner prove century because general concern. Rate sometimes among character hospital able."
    }
},
{
    "model": "Personas.biblioteca",
    "pk": 30,
    "fields": {
        "nombre": "Drug several think behavior public.",
        "direccion": "Deep chair program however foreign. Possible structure consumer like chair develop. Stay source dinner look."
    }
},
{
    "model": "Personas.biblioteca",
    "pk": 31,
    "fields": {
        "nombre": "Sort thousand professional so. Writer throughout especially important seat.",
        "direccion": "Candidate catch result our course lay run. Movement painting mother business spring provide cold certain.\nEffect reach man beat budget."
    }
},
{
    "model": "Personas.biblioteca",
    "pk": 32,
    "fields": {
        "nombre": "Image movie billion hour movement.\nSuddenly office employee. Very money personal show clear.",
        "direccion": "Down factor sell central sure. Range region third. Window second newspaper hand left when."
    }
},
{
    "model": "Personas.biblioteca",
    "pk": 33,
    "fields": {
        "nombre": "Let determine brother space traditional senior option. Stuff that weight already fast worker.",
        "direccion": "Enjoy pay hit book miss physical enter. Power what arm perform walk most wall. Bit TV financial marriage after situation."
    }
},
{
    "model": "Personas.biblioteca",
    "pk": 34,
    "fields": {
        "nombre": "Book try college future group a. Community cold mention young.",
        "direccion": "Part reach reality have return student. Identify movement both. Summer remain work old article."
    }
},
{
    "model": "Personas.biblioteca",
    "pk": 35,
    "fields": {
        "nombre": "Reduce early ability play somebody. Side explain work us.",
        "direccion": "No watch worker number. Task organization or role process Mr upon store. Approach certainly place family past.\nChoose friend politics clearly.\nGreen thousand dinner here."
    }
},
{
    "model": "Personas.biblioteca",
    "pk": 36,
    "fields": {
        "nombre": "Blue offer cost meeting join marriage discuss. Pattern itself read financial.",
        "direccion": "Hundred school most staff baby color.\nScene throughout enough because goal certain tax lawyer. Environment quite response decide explain theory be. Beyond west article design."
    }
},
{
    "model": "Personas.biblioteca",
    "pk": 37,
    "fields": {
        "nombre": "Woman respond help across live issue last. Professor country any program. What man seat.",
        "direccion": "Spend free employee material plant spring yes. Soon career standard prove follow democratic. Out number investment chance outside."
    }
},
{
    "model": "Personas.biblioteca",
    "pk": 38,
    "fields": {
        "nombre": "Other good happy local home yes. Grow guess long training.",
        "direccion": "See region miss born mind next. Reduce along pull down. Unit size ever material expert general mention.\nLeast nothing appear order shake hair play. Check sister second. Whom chair cold magazine."
    }
},
{
    "model": "Personas.biblioteca",
    "pk": 39,
    "fields": {
        "nombre": "Throughout likely occur start. Join eye fire market win create now.",
        "direccion": "Discussion skill pay much. Ball civil spring provide suggest wind report until.\nLight yourself include million per result. Article hotel front card."
    }
},
{
    "model": "Personas.biblioteca",
    "pk": 40,
    "fields": {
        "nombre": "Instead stay man. Middle indeed away player big movie more beautiful.",
        "direccion": "Player same any fill consumer. Know agency rock.\nNew set responsibility. Ahead tell measure sort score. Pull significant be big also star."
    }
},
{
    "model": "Personas.biblioteca",
    "pk": 41,
    "fields": {
        "nombre": "Lead report finish sister never practice. Soldier down ability big statement.",
        "direccion": "Rich I until firm school owner newspaper. Investment production option from fight couple. Rock begin scientist provide sometimes determine good."
    }
},
{
    "model": "Personas.biblioteca",
    "pk": 42,
    "fields": {
        "nombre": "Get wide live economy discuss find our. Stock hair to against pay.",
        "direccion": "Civil physical itself program.\nNatural until art choice another modern free. Officer rest its history. Step under program push. Animal son more against especially when break."
    }
},
{
    "model": "Personas.biblioteca",
    "pk": 43,
    "fields": {
        "nombre": "Stay nothing major charge American find.",
        "direccion": "Food necessary it Congress. Kitchen source draw me.\nChoose style few. Trouble partner history.\nOur one human meet. Over newspaper between son market run."
    }
},
{
    "model": "Personas.biblioteca",
    "pk": 44,
    "fields": {
        "nombre": "Military together through world song. Scene lawyer control individual.",
        "direccion": "Instead notice yourself why adult music wrong. Character great whole happy from. Behind her maybe increase good.\nTwo food choice together thus few. Why consumer go go training third."
    }
},
{
    "model": "Personas.biblioteca",
    "pk": 45,
    "fields": {
        "nombre": "Arrive politics area debate. Give break plant family word. Let success whether think why continue.",
        "direccion": "Maybe rock return thank total fall. Certainly think staff minute painting degree. Day simply move station research discover history."
    }
},
{
    "model": "Personas.biblioteca",
    "pk": 46,
    "fields": {
        "nombre": "Sound deep attack like certain. Official have him recently human.",
        "direccion": "Song everybody process. Finally born same training response. Everything find plant fear brother step street.\nHave develop interesting debate fish drug.\nExperience deep teacher wide."
    }
},
{
    "model": "Personas.biblioteca",
    "pk": 47,
    "fields": {
        "nombre": "His ability form industry. Race financial follow any. Visit simple wind prepare process.",
        "direccion": "Add his surface up order sort sign drop.\nDecide foot leg.\nCareer give at. Safe forget next build represent site itself process. Us after decision into such experience really."
    }
},
{
    "model": "Personas.biblioteca",
    "pk": 48,
    "fields": {
        "nombre": "Data bring issue project my professor. Effect statement member someone purpose.",
        "direccion": "Behind into because blood Republican writer. Relationship body firm management lot sport base.\nOfficer analysis paper eye dark network. Expect American nor choice list."
    }
},
{
    "model": "Personas.biblioteca",
    "pk": 49,
    "fields": {
        "nombre": "Peace least you politics oil recently event research. Yard feel mind back world college.",
        "direccion": "Throw marriage station campaign then give ask exist. Final choice direction also scene improve clear. Discuss mention right evidence cover agent partner."
    }
},
{
    "model": "Personas.biblioteca",
    "pk": 50,
    "fields": {
        "nombre": "Rise believe next. Sound west amount pattern.",
        "direccion": "Office less building rate successful agreement service. So today onto partner manager thus mouth.\nHear these grow son guy mind. Mind tonight summer resource decision."
    }
},
{
    "model": "Personas.biblioteca",
    "pk": 51,
    "fields": {
        "nombre": "Play size prevent accept cause join thank.",
        "direccion": "Sing including prevent yourself forward add environment treatment. Worker throw way talk nearly surface. Little training standard population alone floor. Mean each field hear picture pattern."
    }
},
{
    "model": "Personas.biblioteca",
    "pk": 52,
    "fields": {
        "nombre": "Author education customer past. Religious wind kind full theory stuff list.",
        "direccion": "While fine million force think kind. History dinner this join. Nice compare member recognize.\nSmall direction create throw do sea agreement discover. Some success point player very simply."
    }
},
{
    "model": "Personas.biblioteca",
    "pk": 53,
    "fields": {
        "nombre": "House audience truth paper college professor.",
        "direccion": "Capital sit serious prove. Them role first past industry nearly.\nLearn my gun middle including safe.\nThing price protect program country. Plant hear mind his community something strategy."
    }
},
{
    "model": "Personas.biblioteca",
    "pk": 54,
    "fields": {
        "nombre": "Police total current fine learn enjoy but. Card produce decide real woman four as heavy.",
        "direccion": "Couple lay pull officer. Boy item thing something between care recently. Many artist statement I."
    }
},
{
    "model": "Personas.biblioteca",
    "pk": 55,
    "fields": {
        "nombre": "Commercial daughter during court sense throw develop.",
        "direccion": "Capital audience miss sound quickly one least. Discuss somebody eight send. Amount professor career whole can why yeah. Form manage region hit watch."
    }
},
{
    "model": "Personas.biblioteca",
    "pk": 56,
    "fields": {
        "nombre": "Rest good that appear start. Language form figure account standard.",
        "direccion": "Own right all stuff write. Foot one necessary down decision tend cause.\nWriter benefit player tree dream yet office leave. Turn style feeling turn. Serious cut stage although."
    }
},
{
    "model": "Personas.biblioteca",
    "pk": 57,
    "fields": {
        "nombre": "Social seem future allow western. Heart accept your feel sign dream.\nIf new those walk campaign.",
        "direccion": "System network letter reflect. Listen since six outside figure bill. Guy find room should clearly base."
    }
},
{
    "model": "Personas.biblioteca",
    "pk": 58,
    "fields": {
        "nombre": "Since window land wind discover person vote pretty. Fly through could speak stand.",
        "direccion": "Everybody past laugh similar hundred. More heavy son end international.\nOr less end room. Six computer magazine."
    }
},
{
    "model": "Personas.biblioteca",
    "pk": 59,
    "fields": {
        "nombre": "Article might during sign dark. Physical its our customer which want.",
        "direccion": "Tough report detail because attention relationship election. Most whole anyone although son growth.\nDecide reason forward color well then will yard. Inside wait almost. Cause piece structure."
    }
},
{
    "model": "Personas.biblioteca",
    "pk": 60,
    "fields": {
        "nombre": "Partner region sense. Ever stuff keep subject. Many five brother author carry thousand tell.",
        "direccion": "Where dog we add month simply evidence. Quality explain data my course shake often.\nMention product beyond could describe investment. Send consumer conference thank show two their."
    }
},
{
    "model": "Personas.biblioteca",
    "pk": 61,
    "fields": {
        "nombre": "Message finish reveal your order quite. Do step week best again truth.",
        "direccion": "Notice if dark ability key reflect. Teacher message score project including check question. Candidate left person size identify."
    }
},
{
    "model": "Personas.biblioteca",
    "pk": 62,
    "fields": {
        "nombre": "Claim without free myself ready mean despite week. Station service child.",
        "direccion": "Choose represent bag message. Care entire sit you law point.\nOwner price process part section think few. Hotel policy television soon music attention contain.\nFor chair improve painting."
    }
},
{
    "model": "Personas.biblioteca",
    "pk": 63,
    "fields": {
        "nombre": "Treatment sing film remember former. View million cause down behind.",
        "direccion": "Receive often number imagine dinner rich six vote. For far material either cover base bank.\nEnough western player."
    }
},
{
    "model": "Personas.biblioteca",
    "pk": 64,
    "fields": {
        "nombre": "Look because affect series.",
        "direccion": "Reality chance reveal peace.\nEvidence send value lawyer thank about prepare."
    }
},
{
    "model": "Personas.biblioteca",
    "pk": 65,
    "fields": {
        "nombre": "Wish event often ball nation. The skin operation me.",
        "direccion": "Prove blue baby film heavy. Dark small idea concern.\nOpen likely six when mind.\nOften where dream south remember data clearly. Customer space act heavy show parent. Hundred site stay style thus."
    }
},
{
    "model": "Personas.biblioteca",
    "pk": 66,
    "fields": {
        "nombre": "Worker minute democratic.",
        "direccion": "Indeed prepare state produce term exist ability. Everyone bar enough pressure recently pass. Address remember example response civil."
    }
},
{
    "model": "Personas.biblioteca",
    "pk": 67,
    "fields": {
        "nombre": "Last growth decide radio. Middle party actually. Than sport then lay nearly tree.",
        "direccion": "Learn return culture effect five. Sense recognize too only buy task impact.\nBack situation until Mr. Resource to we form position."
    }
},
{
    "model": "Personas.biblioteca",
    "pk": 68,
    "fields": {
        "nombre": "South her a smile send. Member edge see discuss side even set local.",
        "direccion": "Decade under ball. Win music person fine marriage ask feel.\nNext kitchen into lay. Stop hair carry relate movie significant address."
    }
},
{
    "model": "Personas.biblioteca",
    "pk": 69,
    "fields": {
        "nombre": "Necessary political political total. Great remember anyone they goal wonder store.",
        "direccion": "Red and modern while take bed visit. Road any story computer fact two a.\nCase whose assume trip tax still. Cold cell then century fast across toward. Total fund experience position."
    }
},
{
    "model": "Personas.biblioteca",
    "pk": 70,
    "fields": {
        "nombre": "Event some skin close idea bit must lot. Base technology purpose.",
        "direccion": "Continue time us old cold question clear.\nReflect may its especially thus TV. East popular author discover. Oil much card coach president where."
    }
},
{
    "model": "Personas.biblioteca",
    "pk": 71,
    "fields": {
        "nombre": "Indeed organization teach prepare note. Occur similar perform summer huge enjoy.",
        "direccion": "Need Democrat treatment concern goal past. Certain institution medical hundred cold west. Which movie happen model. Significant part important help."
    }
},
{
    "model": "Personas.biblioteca",
    "pk": 72,
    "fields": {
        "nombre": "Half market probably join son college pay. Yes whether instead.",
        "direccion": "Also chance that energy.\nEffort entire last resource record trial state. Goal morning sing standard police media rest. Usually structure cold teacher happen vote."
    }
},
{
    "model": "Personas.biblioteca",
    "pk": 73,
    "fields": {
        "nombre": "Model letter walk natural decade pass administration. Edge toward audience economy.",
        "direccion": "Camera policy place buy film. Exist course full list the. Several instead arm main course as administration.\nFour local alone letter recent. Threat himself not board."
    }
},
{
    "model": "Personas.biblioteca",
    "pk": 74,
    "fields": {
        "nombre": "Audience black power during conference building. Whatever these safe themselves feeling nature.",
        "direccion": "Put explain section particularly voice. Finish just story individual final. Yard today commercial cultural travel PM tend.\nLand fear idea leave head. Response might close social step."
    }
},
{
    "model": "Personas.biblioteca",
    "pk": 75,
    "fields": {
        "nombre": "Support course civil dream. Answer mean plan remain.",
        "direccion": "Sense behavior watch market rock already play. Also address they face blood himself.\nDrive none tell great either. Game right front bar off eight imagine."
    }
},
{
    "model": "Personas.biblioteca",
    "pk": 76,
    "fields": {
        "nombre": "Might month animal fill cell. Than buy then American.",
        "direccion": "Reality plan whom whatever late. Federal seek prevent vote hour left ready.\nComputer hand course foreign role. Research act affect usually. Involve mouth address pay lose."
    }
},
{
    "model": "Personas.biblioteca",
    "pk": 77,
    "fields": {
        "nombre": "Style culture get tend wait reflect such. Two piece its sound class pattern traditional.",
        "direccion": "Thought major source sing. Property Mrs mention care growth practice.\nSoon early reason leg. Against capital travel dog development there weight."
    }
},
{
    "model": "Personas.biblioteca",
    "pk": 78,
    "fields": {
        "nombre": "Increase spring often cut nothing officer consider. None democratic voice. Age pretty arrive step.",
        "direccion": "Tax this manage wait move interview. Activity second choice nice east occur American over. You level through scene morning.\nQuality yard like better manage. About test second but citizen against cup."
    }
},
{
    "model": "Personas.biblioteca",
    "pk": 79,
    "fields": {
        "nombre": "Piece prevent nice north it forward responsibility. Fight store those national window.",
        "direccion": "Around join poor stock piece pay. Least hot exactly along member. Book every attention trial cost third employee."
    }
},
{
    "model": "Personas.biblioteca",
    "pk": 80,
    "fields": {
        "nombre": "Recent bad parent body bed. Receive sound special control themselves activity environment.",
        "direccion": "Start data number.\nNot speak hand attention people. Attack oil cover involve difference. Our describe easy.\nPositive expect cause both international glass. Heart whether be."
    }
},
{
    "model": "Personas.biblioteca",
    "pk": 81,
    "fields": {
        "nombre": "All modern film less stock full. Last effort lead so major. Inside performance two.",
        "direccion": "Moment performance direction appear firm audience. Seek word often value."
    }
},
{
    "model": "Personas.biblioteca",
    "pk": 82,
    "fields": {
        "nombre": "Natural best clear spend. Stand song entire degree prepare. Adult long million.",
        "direccion": "Raise how a family media seat. Visit above doctor magazine describe already. These meet think finish box.\nAll debate plant forward maybe. Responsibility involve see mind method. Lay ask law my."
    }
},
{
    "model": "Personas.biblioteca",
    "pk": 83,
    "fields": {
        "nombre": "Final score indeed event cup expert. Policy challenge enjoy structure public.",
        "direccion": "Simply on place will.\nInside agent nature blood break detail economy. Mention pass everything yeah on heart hit. Too grow practice of."
    }
},
{
    "model": "Personas.biblioteca",
    "pk": 84,
    "fields": {
        "nombre": "Guess visit very what player. Yourself serve lot again wife race.",
        "direccion": "Size career direction cover story environment send. Move include the clearly instead young. Run year need too."
    }
},
{
    "model": "Personas.biblioteca",
    "pk": 85,
    "fields": {
        "nombre": "Director must half per. Different computer effort college focus.",
        "direccion": "Forward work majority southern level economic. Second condition know help. Fine west movement physical language.\nEveryone avoid along friend Republican hear."
    }
},
{
    "model": "Personas.biblioteca",
    "pk": 86,
    "fields": {
        "nombre": "Check total standard war. As meeting himself sign ten education list skill.",
        "direccion": "Will for edge remain save. Economic ahead seven floor against perform.\nOrder population recent real. Participant century institution mean school."
    }
},
{
    "model": "Personas.biblioteca",
    "pk": 87,
    "fields": {
        "nombre": "Speak safe method and challenge. So sign item wait. Subject social month my president rather.",
        "direccion": "White specific dark way call. Produce national must government training yet ago sister. Media political get hard nearly turn.\nTend how possible hospital beautiful mother."
    }
},
{
    "model": "Personas.biblioteca",
    "pk": 88,
    "fields": {
        "nombre": "Throughout every hot space job woman. Always figure I option go friend manage.",
        "direccion": "Poor still staff. Those chair hope before debate discuss.\nInstead teach eat detail stand to simply issue. Your part environment enter paper. Race glass always former where."
    }
},
{
    "model": "Personas.biblioteca",
    "pk": 89,
    "fields": {
        "nombre": "Film member street make project account. Consumer scene color actually drug administration along.",
        "direccion": "Yeah management area marriage. East base send. Foot despite manager a court.\nOften yard cover fish personal. Trouble some form leg issue difference know."
    }
},
{
    "model": "Personas.biblioteca",
    "pk": 90,
    "fields": {
        "nombre": "Blood shake power fund. House small offer writer dinner new.",
        "direccion": "Simple all me. Move media pass pretty add give personal interview.\nFoot seven while wind. Forget try game force effort vote he.\nLow name either well."
    }
},
{
    "model": "Personas.autor",
    "pk": 1,
    "fields": {
        "nombre": "Mother decide agree song staff stay me base. Early stuff which trip red some.",
        "apellido": "Say culture force real man deep catch. Every everyone letter seem. Mouth practice fight each manager building anyone.\nScientist nature hold fine day. Lead quickly local difference city direction.",
        "edad": 6464
    }
},
{
    "model": "Personas.autor",
    "pk": 2,
    "fields": {
        "nombre": "Own list word seem region. Medical must hour no.\nStart drop recent recently to.",
        "apellido": "Maybe develop over. Yourself artist job stuff western son.\nFace commercial population send. Degree behavior its others.",
        "edad": 26784
    }
},
{
    "model": "Personas.autor",
    "pk": 3,
    "fields": {
        "nombre": "Federal next administration push hear. Present mother example bag relate.",
        "apellido": "Deal son and tough add interview. Policy put left accept turn woman professor.\nWorry politics attorney marriage agency. Begin hour throughout ever might present soon industry.",
        "edad": 4563
    }
},
{
    "model": "Personas.autor",
    "pk": 4,
    "fields": {
        "nombre": "Determine eye before personal section story letter. Science feel effect dinner understand heart.",
        "apellido": "Should success store account focus think billion. Energy paper father admit food. Region phone model training author open.\nFire past thousand still.\nSong likely indicate herself in learn.",
        "edad": -18846
    }
},
{
    "model": "Personas.autor",
    "pk": 5,
    "fields": {
        "nombre": "Might old event coach culture education test. Movement quite talk which.",
        "apellido": "Town of again special poor wide. Different about opportunity specific. Mission foreign more sense entire around entire. Why standard a life ago reduce.",
        "edad": -22506
    }
},
{
    "model": "Personas.autor",
    "pk": 6,
    "fields": {
        "nombre": "Child line detail seven four investment front similar. Of own door measure. What per act decade.",
        "apellido": "Member cold table grow. Western drop board set treat.\nContain name team view travel system eight. Ahead focus attack about son half. Town be approach within describe.",
        "edad": 13882
    }
},
{
    "model": "Personas.autor",
    "pk": 7,
    "fields": {
        "nombre": "Change save early else. Approach few husband reveal prepare each team.",
        "apellido": "Lose experience skin eat. Almost figure top.\nContain remember break kind. Site morning however expect until that bag. Scientist line win last Mrs growth.",
        "edad": -1481
    }
},
{
    "model": "Personas.autor",
    "pk": 8,
    "fields": {
        "nombre": "Bill under ago try people. Animal bar education.",
        "apellido": "Growth time medical age develop teach.",
        "edad": 9947
    }
},
{
    "model": "Personas.autor",
    "pk": 9,
    "fields": {
        "nombre": "Drop happy system form myself deep recognize. Item animal into career.",
        "apellido": "President left mind box some. Way business laugh. Evidence pattern collection hot life. Catch soldier peace authority.",
        "edad": 6650
    }
},
{
    "model": "Personas.autor",
    "pk": 10,
    "fields": {
        "nombre": "In offer official amount. Theory charge later allow.",
        "apellido": "While hear party own range local. Agent help agency cold.\nBox buy describe campaign. Talk learn agency final rich change. Drug heavy especially. Same other why two difference return around.",
        "edad": 12857
    }
},
{
    "model": "Personas.autor",
    "pk": 11,
    "fields": {
        "nombre": "Suggest then action kid movement. Law yourself left year act.",
        "apellido": "Get party data glass no president positive. Artist model education whose somebody. Note happy between sport clear.\nAmong treatment present. Goal later lay trip.",
        "edad": -30045
    }
},
{
    "model": "Personas.autor",
    "pk": 12,
    "fields": {
        "nombre": "Site edge but court. Blood as live in create top.",
        "apellido": "Key join his knowledge education long best involve. This summer natural six. Billion computer do participant project.\nGood alone Mrs begin identify again science. Must threat art share approach.",
        "edad": -4214
    }
},
{
    "model": "Personas.autor",
    "pk": 13,
    "fields": {
        "nombre": "Indeed sea conference large. Computer option cut party fast just science see.",
        "apellido": "Decision subject establish leave vote cost or. Another nor ago information free. Worry student nor unit there weight structure decision.",
        "edad": 9173
    }
},
{
    "model": "Personas.autor",
    "pk": 14,
    "fields": {
        "nombre": "Interesting public imagine exactly look chance also. Old similar tell much baby about.",
        "apellido": "Owner service west note which PM spring. Bar choose herself sea director affect.\nTotal power nature heart.\nMarket car west final time they tell. Past yet matter.",
        "edad": 812
    }
},
{
    "model": "Personas.autor",
    "pk": 15,
    "fields": {
        "nombre": "Week south on share material election dream.",
        "apellido": "Where upon south so environmental message capital. Find process answer voice evening name. Talk writer give between watch. Daughter among friend however president message yourself.",
        "edad": 32595
    }
},
{
    "model": "Personas.autor",
    "pk": 16,
    "fields": {
        "nombre": "Age control effect act whatever often. Up read finish collection.",
        "apellido": "Production whom industry record move local garden lay. Feeling Congress difficult the everyone.\nInterest trip well coach spring. Certain cup along. Speak stock general relationship.",
        "edad": -18067
    }
},
{
    "model": "Personas.autor",
    "pk": 17,
    "fields": {
        "nombre": "Final one lot forget sell along summer without.",
        "apellido": "Sit word Republican example security may. Sort before another rock parent.\nMr agree what line property. Page point rock.",
        "edad": 24785
    }
},
{
    "model": "Personas.autor",
    "pk": 18,
    "fields": {
        "nombre": "Do right suddenly media pick. It color pass day kid feel guess.",
        "apellido": "Court movie available. Worker reason fine consider public field. Suddenly series executive agency home. Audience space movie work against campaign.",
        "edad": -29571
    }
},
{
    "model": "Personas.autor",
    "pk": 19,
    "fields": {
        "nombre": "Audience clearly ball sort exactly trouble. Use by follow country without.",
        "apellido": "Position draw hand medical general. Respond realize perform help.\nBecause body democratic less modern beat. Bank his hard manage pass response heavy.",
        "edad": 30510
    }
},
{
    "model": "Personas.autor",
    "pk": 20,
    "fields": {
        "nombre": "East population fly summer.\nGeneration quickly toward current. Long suddenly trouble. Ball hope no.",
        "apellido": "Final because prepare.\nAnother house young indicate skill economy. Camera understand force peace include. Let the range game simply.\nResult great management. Remember good car during.",
        "edad": -29249
    }
},
{
    "model": "Personas.autor",
    "pk": 21,
    "fields": {
        "nombre": "Improve south only result.\nMy pay probably decision audience owner clearly.",
        "apellido": "Door radio account. Last body address. Government suddenly present specific resource any look. Second seven relationship leg evening and.",
        "edad": -8771
    }
},
{
    "model": "Personas.autor",
    "pk": 22,
    "fields": {
        "nombre": "Wait human example father. Study again adult out network somebody authority.",
        "apellido": "Image draw shoulder. Good bank suffer father until. Poor national not customer.\nInteresting director environment each way situation.\nStay scientist carry contain. They challenge plan kid drug accept.",
        "edad": -32198
    }
},
{
    "model": "Personas.autor",
    "pk": 23,
    "fields": {
        "nombre": "Opportunity parent help who near. Message conference stay theory speak. Parent detail stand.",
        "apellido": "Suffer within water lead have wear. Moment lead strategy important save.\nCommon school maintain film. Training agree act site law coach position. Carry special can significant.",
        "edad": 15691
    }
},
{
    "model": "Personas.autor",
    "pk": 24,
    "fields": {
        "nombre": "Development network eat suffer not program.",
        "apellido": "His key cup. Decade produce mean give act four.\nQuestion lot central audience listen. Scientist control authority. Evidence Mr executive current.",
        "edad": 28768
    }
},
{
    "model": "Personas.autor",
    "pk": 25,
    "fields": {
        "nombre": "Within key quickly require start. Score single stock official figure explain suddenly.",
        "apellido": "People our form process. Prevent doctor share of too.\nExecutive anything perform clearly. Finish movement bed already resource.",
        "edad": 12376
    }
},
{
    "model": "Personas.autor",
    "pk": 26,
    "fields": {
        "nombre": "Language successful wind involve clear these red. Daughter provide better.",
        "apellido": "Live myself apply. Establish impact others administration wish economic have. Care pull rich child American.",
        "edad": -28064
    }
},
{
    "model": "Personas.autor",
    "pk": 27,
    "fields": {
        "nombre": "Central leave listen appear. Give federal find ask sit.",
        "apellido": "Kid east remember product color late market. Loss health hair people. Message sure get feeling right.\nCan garden father billion hotel ago around. Political stuff student friend.",
        "edad": 2504
    }
},
{
    "model": "Personas.autor",
    "pk": 28,
    "fields": {
        "nombre": "Yet individual after measure. Guess project next scene I. Stay worker dog pressure.",
        "apellido": "Hear relationship quality set. Decide everybody nor among.\nTrial each down arrive church. Center mention nearly mother budget beautiful still.",
        "edad": 15239
    }
},
{
    "model": "Personas.autor",
    "pk": 29,
    "fields": {
        "nombre": "Lose might life education. Public threat issue affect but successful.",
        "apellido": "Yeah someone draw official.\nWeek high scientist family. President wish television to place network. Success growth agency race west.",
        "edad": 23627
    }
},
{
    "model": "Personas.autor",
    "pk": 30,
    "fields": {
        "nombre": "Safe dream stock glass pattern.",
        "apellido": "Reality world front worker mouth pressure. Environmental history drug few.\nGas floor many finish clearly fine yeah expert. Always trial very win security.",
        "edad": -21920
    }
},
{
    "model": "Personas.autor",
    "pk": 31,
    "fields": {
        "nombre": "Respond however already leader general. Within upon shoulder should peace small wear.",
        "apellido": "Notice see determine although crime matter growth recently. Participant machine position difference reflect. Stuff life though knowledge.",
        "edad": -7564
    }
},
{
    "model": "Personas.autor",
    "pk": 32,
    "fields": {
        "nombre": "Manager despite report. Bed woman story environment defense pressure.",
        "apellido": "White upon husband animal true. Find half station. Protect must view paper protect enjoy.\nEast now possible late approach fly certainly other. Level prepare design attack almost turn.",
        "edad": 28085
    }
},
{
    "model": "Personas.autor",
    "pk": 33,
    "fields": {
        "nombre": "Camera rule claim success western play whole.",
        "apellido": "It first student argue four lot suddenly. Cup those increase particular one final. People artist prepare raise give.",
        "edad": -3936
    }
},
{
    "model": "Personas.autor",
    "pk": 34,
    "fields": {
        "nombre": "National father read trade. Policy add race.",
        "apellido": "Drive set war vote education month across. Family piece enough policy set. Perhaps down control much thank.",
        "edad": -9570
    }
},
{
    "model": "Personas.autor",
    "pk": 35,
    "fields": {
        "nombre": "Subject fall list word. Minute seven paper thing. Card example scientist a owner.",
        "apellido": "Many religious eye almost mean nothing. Base work though team western whole call.\nTv international crime. Itself beyond sport level physical. Game field team rate dark buy that form.",
        "edad": 8449
    }
},
{
    "model": "Personas.autor",
    "pk": 36,
    "fields": {
        "nombre": "Nearly political result laugh family study. Father present fire play place which.",
        "apellido": "Wind sign reflect should side. Soon brother leave fact. Evidence high various size.\nMessage everything left somebody will arm. Half member section by candidate key. Effort research might.",
        "edad": -4754
    }
},
{
    "model": "Personas.autor",
    "pk": 37,
    "fields": {
        "nombre": "Or it book story include. Soon hotel answer almost usually.",
        "apellido": "No task student wide suffer chance animal. Company street more book leader. Rich young under along big.\nSkill soon represent technology message draw. Able coach open. Family grow evening rock.",
        "edad": 23953
    }
},
{
    "model": "Personas.autor",
    "pk": 38,
    "fields": {
        "nombre": "Whose read another them put about resource. Opportunity authority yard model particular.",
        "apellido": "And many result military fill feeling. Strategy arm and like group write. The pressure conference mother add once program.",
        "edad": -8263
    }
},
{
    "model": "Personas.autor",
    "pk": 39,
    "fields": {
        "nombre": "Young drop book determine. Before risk story page color about. Ok get fact style final.",
        "apellido": "Month sort check still realize the view class. Leader kind southern throw threat themselves street.\nEat argue deep join high each. Sometimes federal point establish minute.",
        "edad": 11713
    }
},
{
    "model": "Personas.autor",
    "pk": 40,
    "fields": {
        "nombre": "Very home simply know seem factor. North start work discuss service memory scientist upon.",
        "apellido": "Push position language wall. From deal let human know consider continue.\nName success indeed media. Visit full catch piece. Girl tonight through.",
        "edad": -2215
    }
},
{
    "model": "Personas.autor",
    "pk": 41,
    "fields": {
        "nombre": "Way enjoy skin whatever though. Figure not church successful arm hospital product.",
        "apellido": "Style fear moment very political growth energy. Quality keep plant senior leave surface town.\nLand control film difference wonder. First young type cold prove. Each however base training.",
        "edad": -16585
    }
},
{
    "model": "Personas.autor",
    "pk": 42,
    "fields": {
        "nombre": "At indicate let industry. Start home unit know site. Five here quality point benefit early.",
        "apellido": "Step impact reality single point purpose. International woman suffer remember bag writer.\nThat out affect full subject. Fly exist skin analysis. Machine recently commercial.",
        "edad": -18471
    }
},
{
    "model": "Personas.autor",
    "pk": 43,
    "fields": {
        "nombre": "Support parent of teacher tonight assume idea. Agent ten interesting dinner.",
        "apellido": "But interview system forward responsibility simply. Process yeah write do stock a.\nLeader type subject this late growth.\nResource she animal he difference. Husband itself along upon treatment.",
        "edad": 30471
    }
},
{
    "model": "Personas.autor",
    "pk": 44,
    "fields": {
        "nombre": "Inside ahead offer probably center management. Long whom church minute single lead.",
        "apellido": "Decade threat firm decade fire likely. Song guy popular rule have feel rate perform. Right whether involve attack produce unit research listen.",
        "edad": -14152
    }
},
{
    "model": "Personas.autor",
    "pk": 45,
    "fields": {
        "nombre": "Her born cold feel couple. Leader painting like Congress town suffer source ball.",
        "apellido": "Buy price degree find. Middle environment clearly discuss simple process industry. She time tough benefit magazine young.\nHere think note mind up. Race oil able include manager say hold.",
        "edad": -19072
    }
},
{
    "model": "Personas.autor",
    "pk": 46,
    "fields": {
        "nombre": "Find bank somebody fall who. Seven fact tonight him generation discuss.",
        "apellido": "Interest window high something. Worry rest loss citizen because discover. Church environmental ready economic may over.",
        "edad": -22283
    }
},
{
    "model": "Personas.autor",
    "pk": 47,
    "fields": {
        "nombre": "Candidate bad room seat. Sure its pass present. Itself happy seven group.",
        "apellido": "War body raise exist sing expect third. Issue firm evening.\nRepublican space head stage purpose president. Floor executive practice newspaper. Concern form strong direction within.",
        "edad": 20546
    }
},
{
    "model": "Personas.autor",
    "pk": 48,
    "fields": {
        "nombre": "Purpose establish billion military truth no young. Exist stand full this professional.",
        "apellido": "Candidate child production out. Character garden try bed. Then until less common knowledge should second head.",
        "edad": -28184
    }
},
{
    "model": "Personas.autor",
    "pk": 49,
    "fields": {
        "nombre": "Movie head those. Maybe big hard popular for.",
        "apellido": "Or democratic think. Wife minute magazine take station. Task relationship realize enjoy reality.\nPerson nearly friend see real develop. Goal human fight TV support wear.",
        "edad": -16838
    }
},
{
    "model": "Personas.autor",
    "pk": 50,
    "fields": {
        "nombre": "Community order especially. Their hand moment leader simply hospital song large.",
        "apellido": "Experience along least check value. Situation green child list.\nMaterial sign four according million. Style reason may green however.",
        "edad": -30485
    }
},
{
    "model": "Personas.autor",
    "pk": 51,
    "fields": {
        "nombre": "Single else performance bit yes expert.",
        "apellido": "Worker chance town beat. Give budget commercial build girl.",
        "edad": 3203
    }
},
{
    "model": "Personas.autor",
    "pk": 52,
    "fields": {
        "nombre": "Body color close sell. Step office crime. You ok radio owner notice arm part.",
        "apellido": "Program mother character around six.\nNext out reflect such project. Series return dark increase friend imagine different.\nEstablish my among finish. Generation office of final. Follow finish heart.",
        "edad": 21520
    }
},
{
    "model": "Personas.autor",
    "pk": 53,
    "fields": {
        "nombre": "Season factor spring season national.",
        "apellido": "Hard happy sometimes really beat. Tough western life civil coach drive ball.\nTravel upon experience catch night raise during. Stand activity together Mrs.",
        "edad": 30928
    }
},
{
    "model": "Personas.autor",
    "pk": 54,
    "fields": {
        "nombre": "For education sing face tend. Present game nature however source. Fear student stand without.",
        "apellido": "International wall north. Myself order among probably mother word that father. Actually treatment land four spring yourself.",
        "edad": 32652
    }
},
{
    "model": "Personas.autor",
    "pk": 55,
    "fields": {
        "nombre": "Myself window through ground each drug thing. Agent behind me.",
        "apellido": "Health air bag. True model success build along onto book fact.\nMiss class sort difficult much college. Account another capital one. Help use simply world series him.",
        "edad": -30052
    }
},
{
    "model": "Personas.autor",
    "pk": 56,
    "fields": {
        "nombre": "Magazine deep tell evidence particular executive piece. Blood within candidate really garden off.",
        "apellido": "Expert east past describe three report. Lose away interesting do instead data. Report evening month fly figure.",
        "edad": -6378
    }
},
{
    "model": "Personas.autor",
    "pk": 57,
    "fields": {
        "nombre": "Upon only ball bit beat political husband. Work wife car dark.",
        "apellido": "Part address fight agreement. Imagine again hotel near once. Ahead party region. Item large including region report.",
        "edad": -25944
    }
},
{
    "model": "Personas.autor",
    "pk": 58,
    "fields": {
        "nombre": "Business peace south bit. Practice job green month let rate.\nWhose trouble to production chance.",
        "apellido": "Court itself message big day firm dog rate. According across right issue wrong dinner. Cover finally product manage arrive step discuss from.\nBy million trial new guess identify become.",
        "edad": -17046
    }
},
{
    "model": "Personas.autor",
    "pk": 59,
    "fields": {
        "nombre": "Store movie over discover kid base family. Three building determine good animal this.",
        "apellido": "Tree no measure wide. Home focus read attack. Everyone order draw whole.\nWindow east according. Resource clear line miss.\nComputer activity avoid population.",
        "edad": -30626
    }
},
{
    "model": "Personas.autor",
    "pk": 60,
    "fields": {
        "nombre": "Police Democrat affect value. Pressure hot reduce management yard show. Since cultural trial.",
        "apellido": "Itself begin material determine pressure mission. Health issue sure agree many theory. There beyond exactly garden.\nNeed rest mother rather chair. Mission environmental voice apply.",
        "edad": -16753
    }
},
{
    "model": "Personas.autor",
    "pk": 61,
    "fields": {
        "nombre": "My knowledge when because. Light serious attack air career water.",
        "apellido": "Rise painting reach chance. Strategy each turn line light exactly outside. Social control loss within.",
        "edad": -30006
    }
},
{
    "model": "Personas.autor",
    "pk": 62,
    "fields": {
        "nombre": "Range trial dinner gun smile. Dark leave poor population.",
        "apellido": "Blood start group scene matter between father increase.",
        "edad": 4316
    }
},
{
    "model": "Personas.autor",
    "pk": 63,
    "fields": {
        "nombre": "Oil night customer take foreign. Effort authority certain institution chair pretty.",
        "apellido": "Language soon successful professor trip without. Tree weight cost use rock hotel exist.",
        "edad": 32388
    }
},
{
    "model": "Personas.autor",
    "pk": 64,
    "fields": {
        "nombre": "Home property beyond us sea produce police. Own than explain.",
        "apellido": "Street light six draw crime watch guy. Crime test data hold. Seek become manage garden next.\nFirst call hard turn. Party case avoid.",
        "edad": -5478
    }
},
{
    "model": "Personas.autor",
    "pk": 65,
    "fields": {
        "nombre": "Memory old add carry member player.",
        "apellido": "Interesting prevent them believe. Bag choose exactly adult. Health financial south around necessary three.",
        "edad": 20856
    }
},
{
    "model": "Personas.autor",
    "pk": 66,
    "fields": {
        "nombre": "Power factor less knowledge. Notice maintain spring become character.",
        "apellido": "Environment industry close quickly.\nToday allow sister six. Player doctor or culture. Rock general and building.\nSong goal business usually identify best beat. Room inside tonight fight.",
        "edad": 6949
    }
},
{
    "model": "Personas.autor",
    "pk": 67,
    "fields": {
        "nombre": "Military through cost enter hundred such wide. Right suddenly collection answer get worry ability.",
        "apellido": "Discover majority direction. Cultural doctor both movement capital pattern each. Again face live history technology black card. Fill Mr help body war guy citizen over.",
        "edad": -25007
    }
},
{
    "model": "Personas.autor",
    "pk": 68,
    "fields": {
        "nombre": "Single fund line or want. Oil music commercial instead country national.",
        "apellido": "Wonder case source traditional three. How manager follow western.\nWonder seek behavior religious only. Mention hand buy. Through institution head what recognize girl hope.",
        "edad": -22576
    }
},
{
    "model": "Personas.autor",
    "pk": 69,
    "fields": {
        "nombre": "Mother building visit add grow available. Friend although action over much leave.",
        "apellido": "Know hand body relationship course blood relationship night. Pass same wind.\nProfessor kind wear goal expert system. Probably letter player beat teach certain wide.",
        "edad": -19233
    }
},
{
    "model": "Personas.autor",
    "pk": 70,
    "fields": {
        "nombre": "Accept often report determine middle. Follow thank he suggest.",
        "apellido": "Serious employee parent need religious. Skill member son scientist.\nStrong bag child rate. Cover every need tell would management above.",
        "edad": -24371
    }
},
{
    "model": "Personas.autor",
    "pk": 71,
    "fields": {
        "nombre": "Full why next student finally. Expect deal summer apply operation boy.",
        "apellido": "Address later seek sure easy week defense. Operation rest half involve community. Modern party later player as.",
        "edad": 21672
    }
},
{
    "model": "Personas.autor",
    "pk": 72,
    "fields": {
        "nombre": "Trade whom list finish. Project author site tough say. Ago baby site ago plant.",
        "apellido": "Money hour join science. Mission book population determine top throughout trouble.\nEye maintain improve field. Leave difference sister nor.",
        "edad": -27030
    }
},
{
    "model": "Personas.autor",
    "pk": 73,
    "fields": {
        "nombre": "Second capital four bank respond chance. Range office believe degree before it phone.",
        "apellido": "Threat of sometimes four that kid news. Lose guess camera effect military skin unit. Could sense class down mean. Stage care really power.",
        "edad": -20821
    }
},
{
    "model": "Personas.autor",
    "pk": 74,
    "fields": {
        "nombre": "Change huge about debate property. Chair machine article fill team.",
        "apellido": "Care fire book. Style father size of well itself.\nPositive worry investment mission. Note treat themselves step sea else oil center.",
        "edad": -526
    }
},
{
    "model": "Personas.autor",
    "pk": 75,
    "fields": {
        "nombre": "Walk style song industry decide. Decade play painting son.",
        "apellido": "Then quite defense experience. New her life. But note hundred day. While bed room fine.\nHit imagine name start analysis. Not difficult wonder focus onto describe both. Summer federal accept.",
        "edad": 9588
    }
},
{
    "model": "Personas.autor",
    "pk": 76,
    "fields": {
        "nombre": "Activity sign send inside. However each reason machine offer always law.",
        "apellido": "Improve speech employee lose if. Onto present role present its help.\nOwner system always trade least. Any discover without despite. Market back professional continue.",
        "edad": -168
    }
},
{
    "model": "Personas.autor",
    "pk": 77,
    "fields": {
        "nombre": "Music easy right hope factor television. Performance act worker trouble. People near tend care now.",
        "apellido": "None again happen dream one. Production more office daughter. Per member here simply daughter.",
        "edad": 543
    }
},
{
    "model": "Personas.autor",
    "pk": 78,
    "fields": {
        "nombre": "Type actually production court box someone allow.",
        "apellido": "Take every image effect. Pretty manager suddenly. Different on production.\nMore look know necessary room respond ever. Nothing see factor television husband. Skill present particularly land catch.",
        "edad": 24107
    }
},
{
    "model": "Personas.autor",
    "pk": 79,
    "fields": {
        "nombre": "Speech choice control himself rise couple. Doctor notice anything determine cup boy number.",
        "apellido": "Front film close concern arrive election poor. May boy hold make world discuss hair make. Into happy dog. Land enjoy born special.\nArt that want data. Imagine crime establish east than.",
        "edad": -14877
    }
},
{
    "model": "Personas.autor",
    "pk": 80,
    "fields": {
        "nombre": "Role prepare eye foreign act. Teacher order make mother company hold. Whether analysis deal front.",
        "apellido": "Shake might quite street commercial day. Land tell do administration.\nInteresting western head less. Write may fire I there nice.",
        "edad": 30285
    }
},
{
    "model": "Personas.autor",
    "pk": 81,
    "fields": {
        "nombre": "Book most perhaps. Would everybody word shoulder consumer herself put.\nThus great form.",
        "apellido": "Action guess in shake. Deal expect prove available sea. Matter may water personal yet.\nLarge behind recognize Republican ask help. Eye appear than trip also any. Dinner mention dark yard.",
        "edad": 9073
    }
},
{
    "model": "Personas.autor",
    "pk": 82,
    "fields": {
        "nombre": "Station behavior who remember decade cultural.",
        "apellido": "East hotel series attack remember daughter. Respond hundred everything wide although machine particularly.",
        "edad": -10797
    }
},
{
    "model": "Personas.autor",
    "pk": 83,
    "fields": {
        "nombre": "Down southern join station never. Fact certain result until act clear view.",
        "apellido": "Amount on hair senior page voice. Various near down each eye.\nSort decide sit view right. History human tree human third deal. Will wife wall two build kitchen international.",
        "edad": 26026
    }
},
{
    "model": "Personas.autor",
    "pk": 84,
    "fields": {
        "nombre": "Field role board. Side own mother we.",
        "apellido": "Ok often lose.\nEstablish pattern each tonight. Role him growth place instead stock along. War history recognize job building. Seem threat investment meet another will.",
        "edad": -15658
    }
},
{
    "model": "Personas.autor",
    "pk": 85,
    "fields": {
        "nombre": "Movement loss deal box none.",
        "apellido": "Change open direction realize. Particularly them sound decade whom total term chair.",
        "edad": 14278
    }
},
{
    "model": "Personas.autor",
    "pk": 86,
    "fields": {
        "nombre": "Issue note research generation gun. Beyond outside guy stuff scene fall.",
        "apellido": "Available could whose population describe voice.\nRepublican when phone listen resource class. Ok each measure take speech. Rest establish station base president.\nSkin political treatment phone.",
        "edad": 4245
    }
},
{
    "model": "Personas.autor",
    "pk": 87,
    "fields": {
        "nombre": "Future fast kind discuss close situation station. If prove practice best use order fact.",
        "apellido": "State whose paper. Relationship daughter vote not themselves can he wall.\nToo its ask up dark much federal. Read rather open thing. Relationship answer general.\nOfficer yes sure. Sea bank goal use.",
        "edad": -28914
    }
},
{
    "model": "Personas.autor",
    "pk": 88,
    "fields": {
        "nombre": "According opportunity wide so seat near beautiful. Movie feel center society little right issue.",
        "apellido": "Especially baby lawyer toward executive education. Water shoulder movement offer important ok piece accept. Perform no third local she.",
        "edad": 30968
    }
},
{
    "model": "Personas.autor",
    "pk": 89,
    "fields": {
        "nombre": "Be hit occur. Reach suggest away article evening. Executive member read success.",
        "apellido": "Purpose only right opportunity same. Machine field power job. Off set try people practice for first.",
        "edad": -25880
    }
},
{
    "model": "Personas.autor",
    "pk": 90,
    "fields": {
        "nombre": "Case red building today race lead everyone. Hard its attack place.",
        "apellido": "Professional once live training. Me which peace understand. Unit though collection.\nBeautiful seek send while. Chair father majority very. Red also then month item heart peace later.",
        "edad": 8387
    }
},
{
    "model": "Personas.libro",
    "pk": 1,
    "fields": {
        "nombre": "Administration offer ahead audience.\nEast quickly position attorney. Light here wrong east. Sell ahead figure boy color she.",
        "tipo": "ES",
        "descripcion": "Door care democratic century. Tell key standard month unit develop trouble. Risk security hit.\nRoom from that culture important stage. Effect share what close. Safe affect thing argue contain.",
        "fecha_publicacion": "1971-09-14T10:57:19.101",
        "biblioteca": 71,
        "autores": [
            62,
            64
        ]
    }
},
{
    "model": "Personas.libro",
    "pk": 2,
    "fields": {
        "nombre": "Which skill consider too cell source. Study always leg poor best charge evening clear.\nSecurity amount general best property. Benefit onto several certain whatever choice early.",
        "tipo": "ES",
        "descripcion": "Less walk water can back him. Wear worry population he federal bring into lawyer. Available student family war kind dark low trade.",
        "fecha_publicacion": "2002-08-22T07:17:12.796",
        "biblioteca": 71,
        "autores": [
            63,
            70
        ]
    }
},
{
    "model": "Personas.libro",
    "pk": 3,
    "fields": {
        "nombre": "One plan along network old west. Him offer especially instead pay.\nNor product individual why. Be suddenly parent throw Mrs evening up. Likely without your seek.",
        "tipo": "ES",
        "descripcion": "Style month agency. Left son PM responsibility. Newspaper can ready enjoy.\nLeast rich social tonight alone value. Focus bill performance many.",
        "fecha_publicacion": "1984-02-02T21:35:09.449",
        "biblioteca": 65,
        "autores": [
            73,
            75
        ]
    }
},
{
    "model": "Personas.libro",
    "pk": 4,
    "fields": {
        "nombre": "Hospital hair seat new response foot accept. Weight through south population. Single return she sport avoid.\nThank stock send above enjoy year lead. Dog thing ago staff radio learn crime.",
        "tipo": "ES",
        "descripcion": "Onto term leader expect why. Ago million thousand lay likely account.\nSome south how show middle baby fight development. Against development development.\nMember check about name notice fact cost.",
        "fecha_publicacion": "2013-01-07T03:54:39.408",
        "biblioteca": 65,
        "autores": [
            65,
            66,
            67
        ]
    }
},
{
    "model": "Personas.libro",
    "pk": 5,
    "fields": {
        "nombre": "Sure evening Democrat important respond account brother. As sometimes plant door. Among low majority easy information. Company seven way.",
        "tipo": "ES",
        "descripcion": "Recently standard however group suddenly candidate vote. Big decade network ground professor add. Sister sea image right.",
        "fecha_publicacion": "2000-05-21T01:12:00.188",
        "biblioteca": 65,
        "autores": [
            65,
            71
        ]
    }
},
{
    "model": "Personas.libro",
    "pk": 6,
    "fields": {
        "nombre": "Note capital involve moment fund case. Though practice physical range western. Professor he food contain official kitchen. Consider political people senior realize they student security.",
        "tipo": "ES",
        "descripcion": "Interesting police star include. Whom deep project who degree various. Nothing hope movement gun plant certainly.\nBlood home home security try.",
        "fecha_publicacion": "1994-07-24T05:52:05.972",
        "biblioteca": 66,
        "autores": [
            72
        ]
    }
},
{
    "model": "Personas.libro",
    "pk": 7,
    "fields": {
        "nombre": "Off partner happen weight firm business chance. Goal resource whatever key participant Republican PM. Seek clearly half would most although receive alone.",
        "tipo": "ES",
        "descripcion": "According might soldier hear technology newspaper maintain. Sign me believe action. Kind think even dinner arm those size.",
        "fecha_publicacion": "2014-01-07T04:48:53.324",
        "biblioteca": 67,
        "autores": [
            72
        ]
    }
},
{
    "model": "Personas.libro",
    "pk": 8,
    "fields": {
        "nombre": "Member another subject him concern second phone. Try situation physical month can quickly.\nQuite approach kid price too sing near. Help source along lay Mr police along. Beautiful bring also.",
        "tipo": "ES",
        "descripcion": "Few can relate production full shoulder federal. Include travel for though. Help break east particular nor share.",
        "fecha_publicacion": "2008-11-17T15:53:19.597",
        "biblioteca": 75,
        "autores": [
            61,
            67
        ]
    }
},
{
    "model": "Personas.libro",
    "pk": 9,
    "fields": {
        "nombre": "Life evening speak be crime impact. Author kitchen attack set include interview include.\nArea weight near region. View with about on. Business its control wind foreign he.",
        "tipo": "ES",
        "descripcion": "Others plan parent specific story item. Assume everything structure woman board require professor science.",
        "fecha_publicacion": "1986-07-06T22:27:00.460",
        "biblioteca": 70,
        "autores": [
            69,
            74
        ]
    }
},
{
    "model": "Personas.libro",
    "pk": 10,
    "fields": {
        "nombre": "Firm economy name serious mention.\nImportant week task.\nGovernment center put stay. Huge purpose attack condition other of.",
        "tipo": "ES",
        "descripcion": "Recognize beyond large instead see. Figure although none recent despite. Glass worry have particularly than.\nQuickly mind dinner likely. Cup word little that high area. Share central create your.",
        "fecha_publicacion": "1975-03-02T03:23:33.728",
        "biblioteca": 75,
        "autores": [
            61,
            69,
            72
        ]
    }
},
{
    "model": "Personas.libro",
    "pk": 11,
    "fields": {
        "nombre": "Environmental drop require lead modern almost. Name land cup get defense experience foot. Number bad positive write pull also effort.",
        "tipo": "ES",
        "descripcion": "Particular baby move from. Prove factor movement recognize. Share culture pick fine trip compare sense clearly.",
        "fecha_publicacion": "1991-06-10T05:02:57.043",
        "biblioteca": 75,
        "autores": [
            61,
            68
        ]
    }
},
{
    "model": "Personas.libro",
    "pk": 12,
    "fields": {
        "nombre": "Go exist east concern treatment along certain. Firm more as change. Because open lot star responsibility shoulder left.",
        "tipo": "ES",
        "descripcion": "Respond organization by over pressure. System son feel culture garden. Tough reality exist debate debate plant plan.\nNext official wide think. Leave unit those hold operation five.",
        "fecha_publicacion": "1993-10-25T18:33:35.946",
        "biblioteca": 62,
        "autores": [
            62,
            68
        ]
    }
},
{
    "model": "Personas.libro",
    "pk": 13,
    "fields": {
        "nombre": "National pull teacher able plan movie seat. Newspaper sometimes worker structure. Official address always item.",
        "tipo": "ES",
        "descripcion": "Bring add other apply. Option say positive heart experience physical.\nPrice I ago rock cause. Possible dog language herself difficult bed. Citizen remain similar enter rather life.",
        "fecha_publicacion": "2005-09-06T07:12:54.700",
        "biblioteca": 71,
        "autores": [
            71,
            75
        ]
    }
},
{
    "model": "Personas.libro",
    "pk": 14,
    "fields": {
        "nombre": "Those question story recognize. Campaign rate spring rule water Republican concern.",
        "tipo": "ES",
        "descripcion": "Inside need side goal court. Character never call ability.\nFall maybe simple note scene imagine me. Detail discover energy wait recently.",
        "fecha_publicacion": "1987-03-07T20:54:03.170",
        "biblioteca": 66,
        "autores": [
            61,
            65,
            67,
            69
        ]
    }
},
{
    "model": "Personas.libro",
    "pk": 15,
    "fields": {
        "nombre": "Always would lawyer project push. Weight impact wife ready oil focus car civil. With nothing time there brother week say.\nNew establish draw head natural bit.",
        "tipo": "ES",
        "descripcion": "Experience ability risk. Into only decide town they.\nAbout become town will firm those. Over girl admit make. Hot effect appear believe meet hundred.",
        "fecha_publicacion": "1993-04-08T18:39:30.470",
        "biblioteca": 69,
        "autores": [
            61,
            71,
            74
        ]
    }
},
{
    "model": "Personas.libro",
    "pk": 16,
    "fields": {
        "nombre": "Product data rise general main bill could. Age artist commercial long box more receive.",
        "tipo": "ES",
        "descripcion": "Protect what who. Our pass address many great design lead.\nNumber dinner son institution. Safe difficult soldier purpose.",
        "fecha_publicacion": "1981-08-09T07:51:00.108",
        "biblioteca": 89,
        "autores": [
            79
        ]
    }
},
{
    "model": "Personas.libro",
    "pk": 17,
    "fields": {
        "nombre": "Movie power hundred purpose bed alone. Throw perform response. Make note around feeling behind.\nMove whether room. Make try help full possible organization. Program former capital debate.",
        "tipo": "ES",
        "descripcion": "Newspaper stay down follow. Body real item win trade help water.\nSuch put cell technology affect both poor. Organization including official during. Soon including pressure a war.",
        "fecha_publicacion": "2009-10-04T20:45:39.661",
        "biblioteca": 87,
        "autores": [
            90
        ]
    }
},
{
    "model": "Personas.libro",
    "pk": 18,
    "fields": {
        "nombre": "His road station worry. Agree job industry tonight chair week number.\nSuggest ask what choice sense spend price. Building year thing brother customer my live. Claim doctor get store easy affect out.",
        "tipo": "ES",
        "descripcion": "Use information seven answer including suggest especially president. Without life space hotel run just human.\nFly show teacher center. Base argue maybe much purpose color. Move general director.",
        "fecha_publicacion": "2018-09-12T22:26:03.265",
        "biblioteca": 90,
        "autores": [
            79,
            81,
            83,
            88
        ]
    }
},
{
    "model": "Personas.libro",
    "pk": 19,
    "fields": {
        "nombre": "Deep organization hair doctor head. Store rather tough attack affect what.",
        "tipo": "ES",
        "descripcion": "Truth ready win air trial. Nor security movement. Door within check top skill.\nGo put certain than. Officer course tax here that degree building degree.",
        "fecha_publicacion": "2013-01-25T17:10:08.366",
        "biblioteca": 84,
        "autores": [
            79
        ]
    }
},
{
    "model": "Personas.libro",
    "pk": 20,
    "fields": {
        "nombre": "Identify never area increase piece store feeling yet. Research during rest apply large try I certain. Behind number successful pressure onto everything.",
        "tipo": "ES",
        "descripcion": "Social claim whole positive. Such debate education and. Special step avoid expert.\nService capital week card Congress miss young. Marriage concern citizen.",
        "fecha_publicacion": "1976-10-17T18:26:52.360",
        "biblioteca": 81,
        "autores": [
            77,
            78,
            84,
            88
        ]
    }
},
{
    "model": "Personas.libro",
    "pk": 21,
    "fields": {
        "nombre": "Particular method clearly reality set career interview. Dog western theory most plan. Use order pretty story try. Room indeed attention that after.",
        "tipo": "ES",
        "descripcion": "Message say wide direction move. Speak share have soon teach high see. Individual doctor woman station mind.\nInstitution three same attorney born rest rest.",
        "fecha_publicacion": "2022-01-12T05:22:32.994",
        "biblioteca": 82,
        "autores": [
            77
        ]
    }
},
{
    "model": "Personas.libro",
    "pk": 22,
    "fields": {
        "nombre": "By investment wife theory say. Firm themselves card my.\nReligious low maintain opportunity more like. Require bag water score standard foreign.",
        "tipo": "ES",
        "descripcion": "Development news value just market meeting particular within. Bad send gun continue physical suddenly sign. Style mind certainly put turn.",
        "fecha_publicacion": "2020-05-14T22:40:44.087",
        "biblioteca": 87,
        "autores": [
            77,
            82,
            85
        ]
    }
},
{
    "model": "Personas.libro",
    "pk": 23,
    "fields": {
        "nombre": "List oil example benefit consider theory. Daughter here game. Author particular base tax body.",
        "tipo": "ES",
        "descripcion": "Every Democrat finish matter. Discover human agency health environmental message.",
        "fecha_publicacion": "1985-09-08T18:21:41.658",
        "biblioteca": 88,
        "autores": [
            89,
            90
        ]
    }
},
{
    "model": "Personas.libro",
    "pk": 24,
    "fields": {
        "nombre": "Wall almost represent environment. Someone simple government attack quite character miss. Unit receive star dream. None small pass chance president soon protect.",
        "tipo": "ES",
        "descripcion": "Space market various scientist response create. Interesting wait partner fish computer military program.\nPainting couple camera partner. Wind their rich ground down check.",
        "fecha_publicacion": "1984-04-16T05:38:37.899",
        "biblioteca": 83,
        "autores": [
            83,
            84,
            90
        ]
    }
},
{
    "model": "Personas.libro",
    "pk": 25,
    "fields": {
        "nombre": "Yourself early town reach. Almost generation worry trouble. Participant issue create current generation. Letter against boy language.\nNot around first. Sea drive front herself.",
        "tipo": "ES",
        "descripcion": "Center without then meeting police space.\nDetail suggest design after compare. Start policy book put fall send. Company as give hotel nation. Idea quickly put cold.",
        "fecha_publicacion": "1990-11-15T06:01:23.632",
        "biblioteca": 76,
        "autores": [
            84,
            85,
            86
        ]
    }
},
{
    "model": "Personas.libro",
    "pk": 26,
    "fields": {
        "nombre": "Physical page itself safe such. Sign great measure travel.\nEasy new both impact.",
        "tipo": "ES",
        "descripcion": "Event only issue very. Air soon treatment time weight provide education. Walk table mean yet institution rock.",
        "fecha_publicacion": "1983-08-19T02:11:29.758",
        "biblioteca": 80,
        "autores": [
            83,
            90
        ]
    }
},
{
    "model": "Personas.libro",
    "pk": 27,
    "fields": {
        "nombre": "Live mind though name act start. Ball sister mission someone choose crime make defense. This box newspaper explain use spend former.\nInto center fear have dream. News front during bar.",
        "tipo": "ES",
        "descripcion": "Use popular message hit production available all. Suddenly end company might exactly part wait role. Security husband entire instead around.\nJust finish read shake. Over moment mouth ten.",
        "fecha_publicacion": "2021-12-06T13:47:11.964",
        "biblioteca": 84,
        "autores": [
            78,
            80,
            90
        ]
    }
},
{
    "model": "Personas.libro",
    "pk": 28,
    "fields": {
        "nombre": "Analysis their should summer life always simply. Should thank activity several. Relationship yeah edge than little.",
        "tipo": "ES",
        "descripcion": "Until power wall deal. High owner according history.\nMajority detail well throw federal. Although simply employee short nothing option.",
        "fecha_publicacion": "1986-02-10T05:27:52.142",
        "biblioteca": 85,
        "autores": [
            77,
            87,
            90
        ]
    }
},
{
    "model": "Personas.libro",
    "pk": 29,
    "fields": {
        "nombre": "Benefit part late wonder maybe. Reach sport break home less option expect think. Water reach claim than fish official.",
        "tipo": "ES",
        "descripcion": "Both expert figure leave thought guy yes institution. Remain usually including commercial common allow study.",
        "fecha_publicacion": "1983-05-04T04:22:20.488",
        "biblioteca": 89,
        "autores": [
            76,
            77,
            85,
            90
        ]
    }
},
{
    "model": "Personas.libro",
    "pk": 30,
    "fields": {
        "nombre": "Remember consumer family whole police bar. Goal situation audience night today PM somebody. Choose option career shake save.\nMonth would political. Maintain what machine wear impact matter.",
        "tipo": "ES",
        "descripcion": "Whatever spend term accept. Majority certain couple stand. Important among article blood fact run.",
        "fecha_publicacion": "2024-01-22T16:25:14.549",
        "biblioteca": 88,
        "autores": [
            76,
            78,
            87
        ]
    }
},
{
    "model": "Personas.cliente",
    "pk": 1,
    "fields": {
        "nombre": "Campaign job mission hard best. Certain have long wish church threat will reveal.",
        "email": "andrew80@example.net",
        "puntos": 5.0,
        "libros_preferidos": 26
    }
},
{
    "model": "Personas.cliente",
    "pk": 2,
    "fields": {
        "nombre": "Decision none find way stock to. Husband hope body true rate main throughout.",
        "email": "murrayjohn@example.org",
        "puntos": 5.0,
        "libros_preferidos": 19
    }
},
{
    "model": "Personas.cliente",
    "pk": 3,
    "fields": {
        "nombre": "Language democratic live decide attorney each. Scene another every base.",
        "email": "samanthacox@example.net",
        "puntos": 5.0,
        "libros_preferidos": 28
    }
},
{
    "model": "Personas.cliente",
    "pk": 4,
    "fields": {
        "nombre": "Section business compare really where.",
        "email": "jermaine82@example.net",
        "puntos": 5.0,
        "libros_preferidos": 20
    }
},
{
    "model": "Personas.cliente",
    "pk": 5,
    "fields": {
        "nombre": "Involve either another partner food bar next. Hospital military wrong. Painting reduce issue.",
        "email": "elizabethwu@example.org",
        "puntos": 5.0,
        "libros_preferidos": 21
    }
},
{
    "model": "Personas.cliente",
    "pk": 6,
    "fields": {
        "nombre": "Art late fly east. People deal worker husband opportunity.",
        "email": "shannonarcher@example.org",
        "puntos": 5.0,
        "libros_preferidos": 23
    }
},
{
    "model": "Personas.cliente",
    "pk": 7,
    "fields": {
        "nombre": "Debate then commercial. Range region policy process plan particularly school heart.",
        "email": "myersmelvin@example.org",
        "puntos": 5.0,
        "libros_preferidos": 24
    }
},
{
    "model": "Personas.cliente",
    "pk": 8,
    "fields": {
        "nombre": "Head line trouble when. Real room middle fish.",
        "email": "wadams@example.net",
        "puntos": 5.0,
        "libros_preferidos": 18
    }
},
{
    "model": "Personas.cliente",
    "pk": 9,
    "fields": {
        "nombre": "Air community stage sense activity use bar church. Particularly site different wish ask force.",
        "email": "webbrichard@example.org",
        "puntos": 5.0,
        "libros_preferidos": 30
    }
},
{
    "model": "Personas.cliente",
    "pk": 10,
    "fields": {
        "nombre": "Sign compare remember beat. Western finally space through small.",
        "email": "darryl17@example.net",
        "puntos": 5.0,
        "libros_preferidos": 27
    }
},
{
    "model": "Personas.cliente",
    "pk": 11,
    "fields": {
        "nombre": "Watch Congress add gas bill. Plan mother evidence last thousand everything hospital.",
        "email": "eugenelarson@example.com",
        "puntos": 5.0,
        "libros_preferidos": 16
    }
},
{
    "model": "Personas.cliente",
    "pk": 12,
    "fields": {
        "nombre": "Might term political poor mouth view a. Necessary significant claim line meet.",
        "email": "tracey93@example.org",
        "puntos": 5.0,
        "libros_preferidos": 20
    }
},
{
    "model": "Personas.cliente",
    "pk": 13,
    "fields": {
        "nombre": "Administration give improve floor. Trade hotel seek care campaign.",
        "email": "ryansmith@example.com",
        "puntos": 5.0,
        "libros_preferidos": 23
    }
},
{
    "model": "Personas.cliente",
    "pk": 14,
    "fields": {
        "nombre": "Amount around simple about. Hair whom catch quality thus run.",
        "email": "sevans@example.net",
        "puntos": 5.0,
        "libros_preferidos": 28
    }
},
{
    "model": "Personas.cliente",
    "pk": 15,
    "fields": {
        "nombre": "Election hotel safe hard thank himself chair a.",
        "email": "underwoodjoanne@example.com",
        "puntos": 5.0,
        "libros_preferidos": 16
    }
},
{
    "model": "Personas.datoscliente",
    "pk": 1,
    "fields": {
        "cliente": 6,
        "direccion": "Figure wife either could. Because coach senior collection old policy PM husband.\nExperience matter yeah pass whatever begin process. Course guess or interesting end building.",
        "gustos": "Reveal draw serve turn tell trip analysis idea.\nTop somebody enough floor newspaper these. His agent available type skin next chair green. Others care heart future last attorney.",
        "telefono": -18918
    }
},
{
    "model": "Personas.datoscliente",
    "pk": 2,
    "fields": {
        "cliente": 3,
        "direccion": "Present information everyone big section understand feeling. Season pull question probably already they language. Less old age mean.",
        "gustos": "A may force beat once song traditional. Father authority term book hotel suffer. Tax whole help play pressure memory.",
        "telefono": 24925
    }
},
{
    "model": "Personas.datoscliente",
    "pk": 3,
    "fields": {
        "cliente": 5,
        "direccion": "Manager perhaps floor authority war of. Memory serious picture section reduce. Generation north throughout which eat available.",
        "gustos": "Test hour people pass. Value south camera think really. Guess bag player south but eye rise.",
        "telefono": -12125
    }
},
{
    "model": "Personas.datoscliente",
    "pk": 4,
    "fields": {
        "cliente": 13,
        "direccion": "Law role become early stock plant parent something. Effort call outside understand career hope across accept.",
        "gustos": "Establish any resource serious reduce. Public value allow last thank best. Wall around value evidence everything yard member firm.",
        "telefono": -12553
    }
},
{
    "model": "Personas.datoscliente",
    "pk": 5,
    "fields": {
        "cliente": 4,
        "direccion": "Charge event sense set bad main win political. Republican hospital evidence account lose. All necessary from worker support article give. Address let while enough deep but successful.",
        "gustos": "Learn entire per fight white major order their. Might issue million laugh action hospital.\nBeyond door note back enough especially need.",
        "telefono": 14565
    }
},
{
    "model": "Personas.datoscliente",
    "pk": 6,
    "fields": {
        "cliente": 15,
        "direccion": "Civil station customer watch. Sometimes word impact threat.\nUnder human movement section fact.\nMain medical operation general. Since defense book community.",
        "gustos": "Political join type nice never common.\nAuthor month blood race about responsibility successful as. Might indeed degree born operation since. Black or fact word main.",
        "telefono": 11358
    }
},
{
    "model": "Personas.datoscliente",
    "pk": 7,
    "fields": {
        "cliente": 12,
        "direccion": "Remain pattern state dream. Oil building sea full college computer season. Power current their data pay particularly.",
        "gustos": "Tell chance recognize shake after. Choose public responsibility baby receive piece same.\nRest push physical entire.\nAttention friend school talk message money.",
        "telefono": -15257
    }
},
{
    "model": "Personas.datoscliente",
    "pk": 8,
    "fields": {
        "cliente": 10,
        "direccion": "Middle town course carry. College most left themselves check. Probably loss loss discuss let break ten. Their pretty southern actually.\nCenter big election gun decade drug serve.",
        "gustos": "May these letter environmental. Three recent threat send section.\nProduction rest know entire public its. Box painting outside support purpose guy property. Wear her on only.",
        "telefono": 15230
    }
},
{
    "model": "Personas.datoscliente",
    "pk": 9,
    "fields": {
        "cliente": 9,
        "direccion": "Pressure building whole. Can that chair seven sister can production. Artist door attack wind then tough always.",
        "gustos": "Out avoid such seven recognize two simply. Fund toward style know.\nNumber reveal smile bed rule up their skill. Past better class pass feeling speak.",
        "telefono": 5368
    }
},
{
    "model": "Personas.datoscliente",
    "pk": 10,
    "fields": {
        "cliente": 1,
        "direccion": "Radio change poor scientist. Maintain special know less strong operation. Others drive coach condition give natural better.",
        "gustos": "Whether down and knowledge tough. And end matter century. Risk rate movie page somebody and million three.\nGlass small federal computer laugh. Yes guy property project worry happy.",
        "telefono": 5112
    }
},
{
    "model": "Personas.datoscliente",
    "pk": 11,
    "fields": {
        "cliente": 2,
        "direccion": "Claim culture general blood choice.\nSeason hundred military hundred box instead attack.",
        "gustos": "Agent total drop. Experience purpose major action as class.\nSignificant attorney report somebody scientist serve yes. Case life school civil half talk eat free.",
        "telefono": -17905
    }
},
{
    "model": "Personas.datoscliente",
    "pk": 12,
    "fields": {
        "cliente": 7,
        "direccion": "Develop build protect. Which economic edge adult participant decide.\nBenefit upon recent.\nServe memory effect maybe way likely speech. Help year hope successful. Across check represent.",
        "gustos": "Design contain environment. Question drive tax police generation move. You scene likely wrong check adult. Research western every beyond matter.",
        "telefono": 31269
    }
},
{
    "model": "Personas.datoscliente",
    "pk": 13,
    "fields": {
        "cliente": 8,
        "direccion": "Step up nature special upon. Appear go various what southern. Green weight reach Democrat live.\nGood best piece. Feeling how identify room new pattern. Visit entire sport close tough call light.",
        "gustos": "Glass bag beautiful data produce finally collection. Less fill wind seek movement size. Suffer go important sometimes moment address.",
        "telefono": -27859
    }
},
{
    "model": "Personas.datoscliente",
    "pk": 14,
    "fields": {
        "cliente": 11,
        "direccion": "Wife item beat while seven happen surface stop.\nPrice own far whose detail. Threat forward perform gas quickly later. Often go thought consider.",
        "gustos": "Soldier support team center. Huge well but station structure. Sign team nation bring cold.\nAgent him development else song marriage. Travel small off between.",
        "telefono": 14365
    }
},
{
    "model": "Personas.datoscliente",
    "pk": 15,
    "fields": {
        "cliente": 14,
        "direccion": "Heavy many international war. Agreement religious meeting whether theory.\nDetermine painting deal both suggest. Think billion recognize before really.",
        "gustos": "Campaign generation final need kid relate. Fire much dark else watch modern practice. Ability arrive strong exist beyond.",
        "telefono": -27751
    }
},
{
    "model": "Personas.prestamos",
    "pk": 1,
    "fields": {
        "cliente": 1,
        "libro": 29,
        "fecha_prestamo": "2024-10-10T08:59:10.821"
    }
},
{
    "model": "Personas.prestamos",
    "pk": 2,
    "fields": {
        "cliente": 1,
        "libro": 26,
        "fecha_prestamo": "2024-10-10T08:59:10.821"
    }
},
{
    "model": "Personas.prestamos",
    "pk": 3,
    "fields": {
        "cliente": 1,
        "libro": 23,
        "fecha_prestamo": "2024-10-10T08:59:10.822"
    }
},
{
    "model": "Personas.prestamos",
    "pk": 4,
    "fields": {
        "cliente": 2,
        "libro": 19,
        "fecha_prestamo": "2024-10-10T08:59:10.827"
    }
},
{
    "model": "Personas.prestamos",
    "pk": 5,
    "fields": {
        "cliente": 2,
        "libro": 16,
        "fecha_prestamo": "2024-10-10T08:59:10.828"
    }
},
{
    "model": "Personas.prestamos",
    "pk": 6,
    "fields": {
        "cliente": 3,
        "libro": 18,
        "fecha_prestamo": "2024-10-10T08:59:10.833"
    }
},
{
    "model": "Personas.prestamos",
    "pk": 7,
    "fields": {
        "cliente": 3,
        "libro": 19,
        "fecha_prestamo": "2024-10-10T08:59:10.833"
    }
},
{
    "model": "Personas.prestamos",
    "pk": 8,
    "fields": {
        "cliente": 3,
        "libro": 25,
        "fecha_prestamo": "2024-10-10T08:59:10.834"
    }
},
{
    "model": "Personas.prestamos",
    "pk": 9,
    "fields": {
        "cliente": 4,
        "libro": 18,
        "fecha_prestamo": "2024-10-10T08:59:10.839"
    }
},
{
    "model": "Personas.prestamos",
    "pk": 10,
    "fields": {
        "cliente": 4,
        "libro": 29,
        "fecha_prestamo": "2024-10-10T08:59:10.840"
    }
},
{
    "model": "Personas.prestamos",
    "pk": 11,
    "fields": {
        "cliente": 5,
        "libro": 22,
        "fecha_prestamo": "2024-10-10T08:59:10.844"
    }
},
{
    "model": "Personas.prestamos",
    "pk": 12,
    "fields": {
        "cliente": 5,
        "libro": 21,
        "fecha_prestamo": "2024-10-10T08:59:10.845"
    }
},
{
    "model": "Personas.prestamos",
    "pk": 13,
    "fields": {
        "cliente": 6,
        "libro": 17,
        "fecha_prestamo": "2024-10-10T08:59:10.849"
    }
},
{
    "model": "Personas.prestamos",
    "pk": 14,
    "fields": {
        "cliente": 7,
        "libro": 29,
        "fecha_prestamo": "2024-10-10T08:59:10.854"
    }
},
{
    "model": "Personas.prestamos",
    "pk": 15,
    "fields": {
        "cliente": 7,
        "libro": 19,
        "fecha_prestamo": "2024-10-10T08:59:10.855"
    }
},
{
    "model": "Personas.prestamos",
    "pk": 16,
    "fields": {
        "cliente": 8,
        "libro": 25,
        "fecha_prestamo": "2024-10-10T08:59:10.860"
    }
},
{
    "model": "Personas.prestamos",
    "pk": 17,
    "fields": {
        "cliente": 8,
        "libro": 16,
        "fecha_prestamo": "2024-10-10T08:59:10.861"
    }
},
{
    "model": "Personas.prestamos",
    "pk": 18,
    "fields": {
        "cliente": 8,
        "libro": 26,
        "fecha_prestamo": "2024-10-10T08:59:10.862"
    }
},
{
    "model": "Personas.prestamos",
    "pk": 19,
    "fields": {
        "cliente": 9,
        "libro": 30,
        "fecha_prestamo": "2024-10-10T08:59:10.867"
    }
},
{
    "model": "Personas.prestamos",
    "pk": 20,
    "fields": {
        "cliente": 9,
        "libro": 17,
        "fecha_prestamo": "2024-10-10T08:59:10.868"
    }
},
{
    "model": "Personas.prestamos",
    "pk": 21,
    "fields": {
        "cliente": 9,
        "libro": 16,
        "fecha_prestamo": "2024-10-10T08:59:10.869"
    }
},
{
    "model": "Personas.prestamos",
    "pk": 22,
    "fields": {
        "cliente": 10,
        "libro": 18,
        "fecha_prestamo": "2024-10-10T08:59:10.873"
    }
},
{
    "model": "Personas.prestamos",
    "pk": 23,
    "fields": {
        "cliente": 11,
        "libro": 21,
        "fecha_prestamo": "2024-10-10T08:59:10.878"
    }
},
{
    "model": "Personas.prestamos",
    "pk": 24,
    "fields": {
        "cliente": 11,
        "libro": 16,
        "fecha_prestamo": "2024-10-10T08:59:10.878"
    }
},
{
    "model": "Personas.prestamos",
    "pk": 25,
    "fields": {
        "cliente": 11,
        "libro": 23,
        "fecha_prestamo": "2024-10-10T08:59:10.879"
    }
},
{
    "model": "Personas.prestamos",
    "pk": 26,
    "fields": {
        "cliente": 12,
        "libro": 26,
        "fecha_prestamo": "2024-10-10T08:59:10.884"
    }
},
{
    "model": "Personas.prestamos",
    "pk": 27,
    "fields": {
        "cliente": 12,
        "libro": 22,
        "fecha_prestamo": "2024-10-10T08:59:10.885"
    }
},
{
    "model": "Personas.prestamos",
    "pk": 28,
    "fields": {
        "cliente": 13,
        "libro": 21,
        "fecha_prestamo": "2024-10-10T08:59:10.889"
    }
},
{
    "model": "Personas.prestamos",
    "pk": 29,
    "fields": {
        "cliente": 13,
        "libro": 22,
        "fecha_prestamo": "2024-10-10T08:59:10.890"
    }
},
{
    "model": "Personas.prestamos",
    "pk": 30,
    "fields": {
        "cliente": 14,
        "libro": 21,
        "fecha_prestamo": "2024-10-10T08:59:10.895"
    }
},
{
    "model": "Personas.prestamos",
    "pk": 31,
    "fields": {
        "cliente": 14,
        "libro": 18,
        "fecha_prestamo": "2024-10-10T08:59:10.895"
    }
},
{
    "model": "Personas.prestamos",
    "pk": 32,
    "fields": {
        "cliente": 15,
        "libro": 20,
        "fecha_prestamo": "2024-10-10T08:59:10.901"
    }
},
{
    "model": "Personas.prestamos",
    "pk": 33,
    "fields": {
        "cliente": 15,
        "libro": 24,
        "fecha_prestamo": "2024-10-10T08:59:10.902"
    }
},
{
    "model": "Personas.prestamos",
    "pk": 34,
    "fields": {
        "cliente": 15,
        "libro": 18,
        "fecha_prestamo": "2024-10-10T08:59:10.902"
    }
},
{
    "model": "Personas.prestamos",
    "pk": 35,
    "fields": {
        "cliente": 11,
        "libro": 29,
        "fecha_prestamo": "2024-10-10T08:59:10.677"
    }
},
{
    "model": "Personas.prestamos",
    "pk": 36,
    "fields": {
        "cliente": 9,
        "libro": 25,
        "fecha_prestamo": "2024-10-10T08:59:10.677"
    }
},
{
    "model": "Personas.prestamos",
    "pk": 37,
    "fields": {
        "cliente": 1,
        "libro": 18,
        "fecha_prestamo": "2024-10-10T08:59:10.677"
    }
},
{
    "model": "Personas.prestamos",
    "pk": 38,
    "fields": {
        "cliente": 6,
        "libro": 22,
        "fecha_prestamo": "2024-10-10T08:59:10.677"
    }
},
{
    "model": "Personas.prestamos",
    "pk": 39,
    "fields": {
        "cliente": 14,
        "libro": 20,
        "fecha_prestamo": "2024-10-10T08:59:10.677"
    }
},
{
    "model": "Personas.prestamos",
    "pk": 40,
    "fields": {
        "cliente": 9,
        "libro": 27,
        "fecha_prestamo": "2024-10-10T08:59:10.677"
    }
},
{
    "model": "Personas.prestamos",
    "pk": 41,
    "fields": {
        "cliente": 4,
        "libro": 23,
        "fecha_prestamo": "2024-10-10T08:59:10.677"
    }
},
{
    "model": "Personas.prestamos",
    "pk": 42,
    "fields": {
        "cliente": 1,
        "libro": 27,
        "fecha_prestamo": "2024-10-10T08:59:10.677"
    }
},
{
    "model": "Personas.prestamos",
    "pk": 43,
    "fields": {
        "cliente": 4,
        "libro": 20,
        "fecha_prestamo": "2024-10-10T08:59:10.677"
    }
},
{
    "model": "Personas.prestamos",
    "pk": 44,
    "fields": {
        "cliente": 6,
        "libro": 30,
        "fecha_prestamo": "2024-10-10T08:59:10.677"
    }
},
{
    "model": "Personas.prestamos",
    "pk": 45,
    "fields": {
        "cliente": 11,
        "libro": 19,
        "fecha_prestamo": "2024-10-10T08:59:10.677"
    }
},
{
    "model": "Personas.prestamos",
    "pk": 46,
    "fields": {
        "cliente": 11,
        "libro": 17,
        "fecha_prestamo": "2024-10-10T08:59:10.677"
    }
},
{
    "model": "Personas.prestamos",
    "pk": 47,
    "fields": {
        "cliente": 4,
        "libro": 25,
        "fecha_prestamo": "2024-10-10T08:59:10.677"
    }
},
{
    "model": "Personas.prestamos",
    "pk": 48,
    "fields": {
        "cliente": 11,
        "libro": 22,
        "fecha_prestamo": "2024-10-10T08:59:10.677"
    }
},
{
    "model": "Personas.prestamos",
    "pk": 49,
    "fields": {
        "cliente": 14,
        "libro": 30,
        "fecha_prestamo": "2024-10-10T08:59:10.677"
    }
}
]
